,city,state,state_full
6465,Anchorage,AK,Alaska
1004,Big Lake,AK,Alaska
4778,Ketchikan,AK,Alaska
1005,Wasilla,AK,Alaska
2127,Alabaster,AL,Alabama
7666,Anniston,AL,Alabama
6918,Birmingham,AL,Alabama
2125,Clanton,AL,Alabama
6483,Clay,AL,Alabama
7903,Cullman,AL,Alabama
4998,Decatur,AL,Alabama
5390,Dothan,AL,Alabama
1447,Fairhope,AL,Alabama
4189,Florence,AL,Alabama
4441,Foley,AL,Alabama
6485,Gardendale,AL,Alabama
4191,Helena,AL,Alabama
2035,Huntsville,AL,Alabama
7701,Jasper,AL,Alabama
4986,Madison,AL,Alabama
3762,Millbrook,AL,Alabama
621,Mobile,AL,Alabama
7084,Owens Cross Roads,AL,Alabama
6655,Pelham,AL,Alabama
6342,Phil Campbell,AL,Alabama
6486,Pinson,AL,Alabama
6381,Prichard,AL,Alabama
7905,Tuscaloosa,AL,Alabama
3199,Bryant,AR,Arkansas
4226,Elkins,AR,Arkansas
7140,Jacksonville,AR,Arkansas
5411,Jonesboro,AR,Arkansas
5880,Lincoln,AR,Arkansas
6931,Little Rock,AR,Arkansas
4996,Mountain Home,AR,Arkansas
7042,Rogers,AR,Arkansas
2964,Russellville,AR,Arkansas
4414,Searcy,AR,Arkansas
6152,Springdale,AR,Arkansas
7705,Texarkana,AR,Arkansas
3885,Avondale,AZ,Arizona
4988,Bullhead City,AZ,Arizona
2265,Chandler,AZ,Arizona
2637,Glendale,AZ,Arizona
2246,Lake Havasu City,AZ,Arizona
2254,Mesa,AZ,Arizona
6410,Page,AZ,Arizona
2264,Peoria,AZ,Arizona
663,Phoenix,AZ,Arizona
2718,Prescott Valley,AZ,Arizona
6713,Scottsdale,AZ,Arizona
2164,Tempe,AZ,Arizona
1502,Tucson,AZ,Arizona
2270,Winslow,AZ,Arizona
2356,Alameda,CA,California
569,Albany,CA,California
750,Anaheim,CA,California
802,Antioch,CA,California
850,Arcata,CA,California
1344,Arleta,CA,California
1488,Atwater,CA,California
1515,Auburn,CA,California
567,Azusa,CA,California
1500,Bakersfield,CA,California
1854,Baldwin Park,CA,California
2353,Bay Point,CA,California
1783,Bell,CA,California
1379,Bell Gardens,CA,California
1655,Bellflower,CA,California
890,Berkeley,CA,California
1539,Buena Park,CA,California
1895,Burbank,CA,California
1289,Camarillo,CA,California
6795,Cameron Park,CA,California
140,Campbell,CA,California
1222,Canoga Park,CA,California
116,Capitola,CA,California
662,Carlsbad,CA,California
5015,Carmichael,CA,California
4609,Carson,CA,California
6482,Castro Valley,CA,California
853,Chico,CA,California
3225,Chino,CA,California
2790,Chualar,CA,California
1007,Chula Vista,CA,California
547,Citrus Heights,CA,California
1300,Commerce,CA,California
1408,Compton,CA,California
780,Concord,CA,California
752,Corona,CA,California
3753,Coronado,CA,California
1584,Costa Mesa,CA,California
1527,Covina,CA,California
4203,Crescent City,CA,California
5883,Cypress,CA,California
972,Daly City,CA,California
631,Dixon,CA,California
2159,Downey,CA,California
1516,East Los Angeles,CA,California
536,East Palo Alto,CA,California
1115,El Cajon,CA,California
467,El Cerrito,CA,California
6796,El Dorado Hills,CA,California
1541,El Monte,CA,California
1172,El Segundo,CA,California
746,El Sobrante,CA,California
5245,Elk Grove,CA,California
4770,Encinitas,CA,California
1328,Encino,CA,California
2109,Escondido,CA,California
846,Eureka,CA,California
2115,Fallbrook,CA,California
400,Folsom,CA,California
582,Fontana,CA,California
1864,Fort Bragg,CA,California
4462,Frazier Park,CA,California
1467,Freedom,CA,California
168,Fremont,CA,California
308,Fresno,CA,California
2016,Fullerton,CA,California
1074,Garden Grove,CA,California
1069,Gardena,CA,California
798,Glendale,CA,California
664,Glendora,CA,California
1331,Goleta,CA,California
1324,Granada Hills,CA,California
4589,Grass Valley,CA,California
1382,Greenfield,CA,California
1412,Gualala,CA,California
1937,Hacienda Heights,CA,California
4425,Harbor City,CA,California
2695,Hawaiian Gardens,CA,California
1174,Hawthorne,CA,California
136,Hayward,CA,California
1178,Hermosa Beach,CA,California
4765,Highland,CA,California
1327,Highland Park,CA,California
4790,Hollister,CA,California
1518,Huntington Beach,CA,California
1533,Huntington Park,CA,California
1006,Imperial Beach,CA,California
1524,Indio,CA,California
668,Inglewood,CA,California
1928,La Habra,CA,California
1092,La Mesa,CA,California
1260,La Puente,CA,California
1587,Laguna Hills,CA,California
3863,Laguna Niguel,CA,California
2129,Lake Elsinore,CA,California
1025,Lake Forest,CA,California
1086,Lakeside,CA,California
1534,Lancaster,CA,California
1181,Lawndale,CA,California
5881,Lincoln,CA,California
2184,Littlerock,CA,California
107,Live Oak,CA,California
3206,Livermore,CA,California
5338,Lodi,CA,California
1022,Loma Linda,CA,California
1023,Lomita,CA,California
395,Long Beach,CA,California
4192,Los Alamitos,CA,California
179,Los Angeles,CA,California
3238,Lynwood,CA,California
1572,Madera,CA,California
5713,Mammoth Lakes,CA,California
1170,Manhattan Beach,CA,California
2288,Martinez,CA,California
407,Menlo Park,CA,California
4959,Mentone,CA,California
634,Milpitas,CA,California
1217,Mission Hills,CA,California
1642,Modesto,CA,California
1511,Monrovia,CA,California
1330,Montclair,CA,California
1410,Montebello,CA,California
52,Monterey,CA,California
7298,Morgan Hill,CA,California
622,Mountain View,CA,California
761,Napa,CA,California
1012,National City,CA,California
4076,Newark,CA,California
1334,Nipomo,CA,California
1734,North Highlands,CA,California
754,North Hollywood,CA,California
1294,Northridge,CA,California
1512,Norwalk,CA,California
560,Oakland,CA,California
584,Oceanside,CA,California
1523,Ontario,CA,California
1675,Orange,CA,California
541,Oxnard,CA,California
49,Pacific Grove,CA,California
376,Pacifica,CA,California
1336,Pacoima,CA,California
5954,Palmdale,CA,California
393,Panorama City,CA,California
465,Paramount,CA,California
2122,Pasadena,CA,California
1386,Paso Robles,CA,California
540,Perris,CA,California
7358,Pico Rivera,CA,California
1858,Pomona,CA,California
1286,Porterville,CA,California
559,Poway,CA,California
2183,Quartz Hill,CA,California
7396,Rancho Cordova,CA,California
4199,Redlands,CA,California
1184,Redondo Beach,CA,California
1071,Reseda,CA,California
2167,Rialto,CA,California
124,Richmond,CA,California
758,Riverside,CA,California
182,Rohnert Park,CA,California
398,Rosemead,CA,California
5239,Roseville,CA,California
1465,Royal Oaks,CA,California
178,Sacramento,CA,California
1393,Salinas,CA,California
1024,San Bernardino,CA,California
377,San Bruno,CA,California
399,San Diego,CA,California
1373,San Fernando,CA,California
379,San Francisco,CA,California
2171,San Jacinto,CA,California
126,San Jose,CA,California
1537,San Juan Capistrano,CA,California
649,San Leandro,CA,California
176,San Lorenzo,CA,California
2108,San Marcos,CA,California
390,San Mateo,CA,California
744,San Pablo,CA,California
1857,San Pedro,CA,California
1345,San Ysidro,CA,California
397,Santa Ana,CA,California
1141,Santa Barbara,CA,California
222,Santa Clara,CA,California
91,Santa Cruz,CA,California
6679,Santa Fe Springs,CA,California
1139,Santa Maria,CA,California
364,Santa Monica,CA,California
5679,Santa Paula,CA,California
412,Santa Rosa,CA,California
908,Seaside,CA,California
1574,Selma,CA,California
5247,Soledad,CA,California
411,Sonoma,CA,California
123,Soquel,CA,California
1525,South Gate,CA,California
6798,South Lake Tahoe,CA,California
5510,South San Francisco,CA,California
1510,Stockton,CA,California
333,Sunnyvale,CA,California
1311,Sylmar,CA,California
1247,Tarzana,CA,California
401,Temple City,CA,California
1506,Torrance,CA,California
670,Turlock,CA,California
1529,Tustin,CA,California
842,Ukiah,CA,California
627,Union City,CA,California
2614,Upland,CA,California
5419,Vacaville,CA,California
799,Vallejo,CA,California
1370,Valley Glen,CA,California
1400,Valley Village,CA,California
1248,Van Nuys,CA,California
1280,Ventura,CA,California
666,Victorville,CA,California
1494,Visalia,CA,California
566,Vista,CA,California
406,Watsonville,CA,California
751,West Hollywood,CA,California
1733,West Sacramento,CA,California
755,Westminster,CA,California
1925,Whittier,CA,California
1409,Wilmington,CA,California
1220,Woodland Hills,CA,California
3938,Yuba City,CA,California
4956,Yucaipa,CA,California
2882,Alamosa,CO,Colorado
2057,Aurora,CO,Colorado
910,Ca√±on City,CO,Colorado
865,Colorado Springs,CO,Colorado
2815,Commerce City,CO,Colorado
2274,Cortez,CO,Colorado
894,Denver,CO,Colorado
4392,Durango,CO,Colorado
7451,Edgewater,CO,Colorado
3875,Estes Park,CO,Colorado
1786,Florence,CO,Colorado
6921,Fort Collins,CO,Colorado
3319,Glenwood Springs,CO,Colorado
2677,Golden,CO,Colorado
1203,Grand Junction,CO,Colorado
5186,Greeley,CO,Colorado
4786,Kremmling,CO,Colorado
4210,Lafayette,CO,Colorado
4951,Lakewood,CO,Colorado
1456,Littleton,CO,Colorado
6534,Longmont,CO,Colorado
7931,Loveland,CO,Colorado
6956,Montrose,CO,Colorado
7455,Northglenn,CO,Colorado
5365,Pagosa Springs,CO,Colorado
6221,Parker,CO,Colorado
7449,Thornton,CO,Colorado
586,Westminster,CO,Colorado
2150,Wheat Ridge,CO,Colorado
2624,Ansonia,CT,Connecticut
7501,Berlin,CT,Connecticut
5384,Bethel,CT,Connecticut
3189,Branford,CT,Connecticut
4120,Bridgeport,CT,Connecticut
3897,Bristol,CT,Connecticut
6440,Central Village,CT,Connecticut
6227,Cheshire,CT,Connecticut
3536,Clinton,CT,Connecticut
3746,Colchester,CT,Connecticut
5370,Cromwell,CT,Connecticut
247,Danbury,CT,Connecticut
3894,Dayville,CT,Connecticut
886,East Hartford,CT,Connecticut
4071,East Haven,CT,Connecticut
4248,Essex,CT,Connecticut
3317,Groton,CT,Connecticut
3898,Hamden,CT,Connecticut
6994,Hartford,CT,Connecticut
7410,Manchester,CT,Connecticut
5995,Mystic,CT,Connecticut
4461,New Britain,CT,Connecticut
6038,New Canaan,CT,Connecticut
2308,New Haven,CT,Connecticut
2452,New London,CT,Connecticut
7181,New Milford,CT,Connecticut
3434,Niantic,CT,Connecticut
2431,Norwalk,CT,Connecticut
3373,Norwich,CT,Connecticut
2425,Orange,CT,Connecticut
6580,Plainfield,CT,Connecticut
6438,Putnam,CT,Connecticut
7843,Seymour,CT,Connecticut
5286,Stamford,CT,Connecticut
2316,Stratford,CT,Connecticut
4785,Thomaston,CT,Connecticut
5359,Torrington,CT,Connecticut
2956,Wallingford,CT,Connecticut
3464,Waterbury,CT,Connecticut
213,West Haven,CT,Connecticut
4420,Willimantic,CT,Connecticut
3352,Washington,DC,
6988,Bear,DE,Delaware
1726,Dover,DE,Delaware
7056,Georgetown,DE,Delaware
7055,Milford,DE,Delaware
211,New Castle,DE,Delaware
6989,Newark,DE,Delaware
1662,Wilmington,DE,Delaware
7824,Apopka,FL,Florida
2153,Atlantic Beach,FL,Florida
3185,Belle Glade,FL,Florida
7258,Big Pine Key,FL,Florida
4404,Boca Raton,FL,Florida
1124,Bradenton,FL,Florida
3347,Cape Canaveral,FL,Florida
3349,Cape Coral,FL,Florida
5659,Casselberry,FL,Florida
713,Chipley,FL,Florida
3534,Clearwater,FL,Florida
4449,Clermont,FL,Florida
3099,Cocoa,FL,Florida
1394,Coconut Creek,FL,Florida
5839,Coral Gables,FL,Florida
3734,Coral Springs,FL,Florida
2535,Cottondale,FL,Florida
1460,Crestview,FL,Florida
1315,Dania Beach,FL,Florida
4394,Davie,FL,Florida
6960,DeLand,FL,Florida
3906,Delray Beach,FL,Florida
4401,Deltona,FL,Florida
3719,Doral,FL,Florida
2439,Dunedin,FL,Florida
3089,Ellenton,FL,Florida
4011,Fort Lauderdale,FL,Florida
2889,Fort Myers,FL,Florida
1389,Gainesville,FL,Florida
3895,Gulfport,FL,Florida
3040,Haines City,FL,Florida
6783,Hallandale Beach,FL,Florida
181,Hialeah,FL,Florida
4072,Hollywood,FL,Florida
1323,Homestead,FL,Florida
6578,Indian Shores,FL,Florida
2144,Inverness,FL,Florida
1028,Jacksonville,FL,Florida
3635,Kissimmee,FL,Florida
893,Lake City,FL,Florida
2746,Lake Mary,FL,Florida
3848,Lake Park,FL,Florida
464,Lake Worth Beach,FL,Florida
1347,Lakeland,FL,Florida
1122,Lakewood Ranch,FL,Florida
3745,Largo,FL,Florida
314,Lauderdale Lakes,FL,Florida
5352,Lauderhill,FL,Florida
2438,Lehigh Acres,FL,Florida
115,Live Oak,FL,Florida
7334,Longwood,FL,Florida
2908,Macclenny,FL,Florida
2858,Margate,FL,Florida
4384,Melbourne,FL,Florida
1137,Merritt Island,FL,Florida
677,Miami,FL,Florida
1618,Miami Beach,FL,Florida
2729,Micco,FL,Florida
7484,Milton,FL,Florida
5865,Miramar,FL,Florida
5871,Miramar Beach,FL,Florida
6480,Mt Dora,FL,Florida
3013,Naples,FL,Florida
5151,New Port Richey,FL,Florida
6086,Newberry,FL,Florida
4397,North Bay Village,FL,Florida
3119,North Fort Myers,FL,Florida
1466,North Lauderdale,FL,Florida
2877,North Miami,FL,Florida
185,Oakland Park,FL,Florida
6245,Orange Park,FL,Florida
618,Orlando,FL,Florida
5150,Ormond Beach,FL,Florida
6252,Oviedo,FL,Florida
3098,Palm Bay,FL,Florida
4544,Palm Beach Gardens,FL,Florida
3088,Palmetto,FL,Florida
6273,Palmetto Bay,FL,Florida
4953,Panama City,FL,Florida
4036,Panama City Beach,FL,Florida
7405,Pembroke Park,FL,Florida
2611,Pensacola,FL,Florida
193,Plant City,FL,Florida
5513,Pompano Beach,FL,Florida
4396,Port Charlotte,FL,Florida
7130,Port Orange,FL,Florida
5951,Port Richey,FL,Florida
1009,Port St. Lucie,FL,Florida
4395,Redington Shores,FL,Florida
2468,Riverview,FL,Florida
3097,Rockledge,FL,Florida
180,Sanford,FL,Florida
2888,Sarasota,FL,Florida
843,St. Petersburg,FL,Florida
5213,Stuart,FL,Florida
3796,Tallahassee,FL,Florida
5196,Tamarac,FL,Florida
844,Tampa,FL,Florida
3268,Tavares,FL,Florida
6554,Tavernier,FL,Florida
4286,Temple Terrace,FL,Florida
3100,Titusville,FL,Florida
1238,Town 'N' Country,FL,Florida
3634,Venice,FL,Florida
4387,Vero Beach,FL,Florida
1929,West Palm Beach,FL,Florida
7911,West Park,FL,Florida
3254,White Springs,FL,Florida
7789,Winter Haven,FL,Florida
613,Winter Park,FL,Florida
1070,Wright,FL,Florida
5877,Zephyrhills,FL,Florida
4837,Alpharetta,GA,Georgia
3269,Athens,GA,Georgia
580,Atlanta,GA,Georgia
1556,Augusta,GA,Georgia
2117,Austell,GA,Georgia
2699,Cartersville,GA,Georgia
1899,Chamblee,GA,Georgia
4811,Clarkesville,GA,Georgia
3751,Cleveland,GA,Georgia
4876,College Park,GA,Georgia
2649,Columbus,GA,Georgia
2100,Cornelia,GA,Georgia
4329,Covington,GA,Georgia
6784,Dalton,GA,Georgia
4417,Decatur,GA,Georgia
2843,Doraville,GA,Georgia
2160,Duluth,GA,Georgia
1960,Ellenwood,GA,Georgia
4651,Fairburn,GA,Georgia
5160,Fayetteville,GA,Georgia
7272,Forest Park,GA,Georgia
2839,Gainesville,GA,Georgia
3763,Hapeville,GA,Georgia
2754,Hartwell,GA,Georgia
4376,Jonesboro,GA,Georgia
3337,Kennesaw,GA,Georgia
2017,LaFayette,GA,Georgia
4841,LaGrange,GA,Georgia
7311,Lavonia,GA,Georgia
3121,Lawrenceville,GA,Georgia
1665,Lithia Springs,GA,Georgia
7040,Macon,GA,Georgia
2830,Marietta,GA,Georgia
1859,Martinez,GA,Georgia
2787,Metter,GA,Georgia
5846,Millen,GA,Georgia
7107,Monroe,GA,Georgia
8031,Morrow,GA,Georgia
4847,Newnan,GA,Georgia
461,Norcross,GA,Georgia
6581,Riverdale,GA,Georgia
2315,Rome,GA,Georgia
1468,Rossville,GA,Georgia
7048,Roswell,GA,Georgia
184,Sandy Springs,GA,Georgia
603,Savannah,GA,Georgia
2842,Smyrna,GA,Georgia
2433,Stockbridge,GA,Georgia
4375,Stone Mountain,GA,Georgia
7261,Sugar Hill,GA,Georgia
1632,Temple,GA,Georgia
2102,Toccoa,GA,Georgia
2835,Tucker,GA,Georgia
3457,Warner Robins,GA,Georgia
47,Hilo,HI,Hawaii
0,Honolulu,HI,Hawaii
13,Kaneohe,HI,Hawaii
7134,Ames,IA,Iowa
7904,Ankeny,IA,Iowa
3048,Boone,IA,Iowa
6835,Burlington,IA,Iowa
4835,Cedar Falls,IA,Iowa
5202,Cedar Rapids,IA,Iowa
3406,Cherokee,IA,Iowa
4574,Clear Lake,IA,Iowa
3541,Clinton,IA,Iowa
6891,Coralville,IA,Iowa
4800,Council Bluffs,IA,Iowa
1307,Davenport,IA,Iowa
4573,DeWitt,IA,Iowa
1453,Des Moines,IA,Iowa
4566,Dubuque,IA,Iowa
4575,Eldridge,IA,Iowa
5105,Fort Dodge,IA,Iowa
2879,Fort Madison,IA,Iowa
5001,Indianola,IA,Iowa
7969,Manchester,IA,Iowa
5724,Marion,IA,Iowa
5391,Monticello,IA,Iowa
6370,Mt Pleasant,IA,Iowa
7143,Nevada,IA,Iowa
3445,Oelwein,IA,Iowa
3294,Ottumwa,IA,Iowa
5030,Sioux City,IA,Iowa
5369,Waterloo,IA,Iowa
7715,Webster City,IA,Iowa
872,West Des Moines,IA,Iowa
1684,Boise,ID,Idaho
6301,Burley,ID,Idaho
4378,Idaho Falls,ID,Idaho
4966,Jerome,ID,Idaho
6277,Kellogg,ID,Idaho
7253,Lewiston,ID,Idaho
5981,Mountain Home,ID,Idaho
5622,Twin Falls,ID,Idaho
259,Addison,IL,Illinois
827,Algonquin,IL,Illinois
361,Alsip,IL,Illinois
7977,Anna,IL,Illinois
285,Antioch,IL,Illinois
23,Arlington Heights,IL,Illinois
6497,Atlanta,IL,Illinois
525,Aurora,IL,Illinois
3017,Bannockburn,IL,Illinois
1190,Barrington,IL,Illinois
453,Bartlett,IL,Illinois
1831,Batavia,IL,Illinois
157,Beach Park,IL,Illinois
4809,Beecher,IL,Illinois
1495,Belleville,IL,Illinois
357,Bellwood,IL,Illinois
276,Belvidere,IL,Illinois
834,Bensenville,IL,Illinois
1016,Berkeley,IL,Illinois
113,Berwyn,IL,Illinois
608,Bethalto,IL,Illinois
1000,Bloomingdale,IL,Illinois
284,Bloomington,IL,Illinois
1060,Blue Island,IL,Illinois
1953,Bolingbrook,IL,Illinois
821,Bourbonnais,IL,Illinois
1924,Bradley,IL,Illinois
5084,Braidwood,IL,Illinois
1056,Bridgeview,IL,Illinois
304,Broadview,IL,Illinois
56,Brookfield,IL,Illinois
64,Buffalo Grove,IL,Illinois
5328,Burbank,IL,Illinois
6174,Burnham,IL,Illinois
2532,Calumet City,IL,Illinois
979,Calumet Park,IL,Illinois
6926,Carbondale,IL,Illinois
2805,Carmi,IL,Illinois
105,Carol Stream,IL,Illinois
5783,Carpentersville,IL,Illinois
7979,Carterville,IL,Illinois
2335,Cary,IL,Illinois
1549,Champaign,IL,Illinois
2306,Charleston,IL,Illinois
1742,Chatham,IL,Illinois
1472,Cherry Valley,IL,Illinois
27,Chicago,IL,Illinois
133,Chicago Heights,IL,Illinois
692,Chicago Ridge,IL,Illinois
770,Cicero,IL,Illinois
6962,Clarendon Hills,IL,Illinois
3542,Clinton,IL,Illinois
6653,Coal City,IL,Illinois
3696,Columbia,IL,Illinois
716,Country Club Hills,IL,Illinois
162,Countryside,IL,Illinois
2338,Crest Hill,IL,Illinois
90,Crestwood,IL,Illinois
4012,Crete,IL,Illinois
982,Crystal Lake,IL,Illinois
3790,Danville,IL,Illinois
1871,Darien,IL,Illinois
526,DeKalb,IL,Illinois
7922,Decatur,IL,Illinois
769,Deer Park,IL,Illinois
15,Deerfield,IL,Illinois
80,Des Plaines,IL,Illinois
630,Dixon,IL,Illinois
4879,Dolton,IL,Illinois
73,Downers Grove,IL,Illinois
7975,Du Quoin,IL,Illinois
6414,Dundee Township,IL,Illinois
615,East Alton,IL,Illinois
859,East Dundee,IL,Illinois
4569,East Moline,IL,Illinois
3598,East Peoria,IL,Illinois
4059,East St Louis,IL,Illinois
3105,Elburn,IL,Illinois
31,Elgin,IL,Illinois
65,Elk Grove Village,IL,Illinois
219,Elmhurst,IL,Illinois
6017,Elmwood Park,IL,Illinois
4572,Erie,IL,Illinois
83,Evanston,IL,Illinois
448,Evergreen Park,IL,Illinois
201,Forest Park,IL,Illinois
1057,Fox Lake,IL,Illinois
2170,Fox River Grove,IL,Illinois
3612,Frankfort,IL,Illinois
352,Franklin Park,IL,Illinois
7343,Freeport,IL,Illinois
2457,Fulton,IL,Illinois
2506,Gardner,IL,Illinois
1312,Geneseo,IL,Illinois
2337,Geneva,IL,Illinois
256,Glen Ellyn,IL,Illinois
414,Glencoe,IL,Illinois
29,Glendale Heights,IL,Illinois
18,Glenview,IL,Illinois
1882,Glenwood,IL,Illinois
3375,Granite City,IL,Illinois
445,Grayslake,IL,Illinois
5397,Great Lakes,IL,Illinois
444,Gurnee,IL,Illinois
446,Hanover Park,IL,Illinois
132,Harvard,IL,Illinois
768,Harvey,IL,Illinois
5856,Harwood Heights,IL,Illinois
2886,Hawthorn Woods,IL,Illinois
469,Hazel Crest,IL,Illinois
765,Hickory Hills,IL,Illinois
17,Highland Park,IL,Illinois
32,Highwood,IL,Illinois
1678,Hillside,IL,Illinois
214,Hinsdale,IL,Illinois
826,Hoffman Estates,IL,Illinois
4812,Hometown,IL,Illinois
5964,Huntley,IL,Illinois
4630,Indian Head Park,IL,Illinois
1585,Ingleside,IL,Illinois
4878,Island Lake,IL,Illinois
2088,Itasca,IL,Illinois
611,Jacksonville,IL,Illinois
609,Jerseyville,IL,Illinois
4727,Johnsburg,IL,Illinois
715,Joliet,IL,Illinois
3869,Justice,IL,Illinois
3513,Kankakee,IL,Illinois
504,Kildeer,IL,Illinois
5057,La Grange,IL,Illinois
1832,La Grange Park,IL,Illinois
3600,La Salle,IL,Illinois
5432,Lake Barrington,IL,Illinois
1437,Lake Bluff,IL,Illinois
260,Lake Forest,IL,Illinois
449,Lake Villa,IL,Illinois
1219,Lake Zurich,IL,Illinois
1140,Lake in the Hills,IL,Illinois
1980,Lansing,IL,Illinois
2655,Lebanon,IL,Illinois
7593,Lemont,IL,Illinois
20,Libertyville,IL,Illinois
441,Lincolnshire,IL,Illinois
1216,Lincolnwood,IL,Illinois
862,Lindenhurst,IL,Illinois
1958,Lisle,IL,Illinois
614,Litchfield,IL,Illinois
696,Lockport,IL,Illinois
447,Lombard,IL,Illinois
994,Long Grove,IL,Illinois
767,Loves Park,IL,Illinois
3499,Lynwood,IL,Illinois
46,Lyons,IL,Illinois
7862,Mansfield,IL,Illinois
1923,Manteno,IL,Illinois
2577,Marengo,IL,Illinois
5728,Marion,IL,Illinois
5253,Markham,IL,Illinois
5752,Marshall,IL,Illinois
6986,Matteson,IL,Illinois
1597,Maywood,IL,Illinois
4871,McCook,IL,Illinois
963,McHenry,IL,Illinois
270,Melrose Park,IL,Illinois
5199,Mendota,IL,Illinois
2551,Merrionette Park,IL,Illinois
1708,Mettawa,IL,Illinois
3370,Midlothian,IL,Illinois
626,Minooka,IL,Illinois
936,Mokena,IL,Illinois
4565,Moline,IL,Illinois
7012,Momence,IL,Illinois
7255,Monmouth,IL,Illinois
5891,Montgomery,IL,Illinois
2173,Morris,IL,Illinois
1644,Morrison,IL,Illinois
1576,Morton,IL,Illinois
62,Morton Grove,IL,Illinois
78,Mt Prospect,IL,Illinois
167,Mundelein,IL,Illinois
7976,Murphysboro,IL,Illinois
34,Naperville,IL,Illinois
7758,Nashville,IL,Illinois
68,Niles,IL,Illinois
365,Norridge,IL,Illinois
1615,North Aurora,IL,Illinois
22,North Chicago,IL,Illinois
6585,North Riverside,IL,Illinois
16,Northbrook,IL,Illinois
1341,Northfield,IL,Illinois
855,Northlake,IL,Illinois
496,Oak Forest,IL,Illinois
695,Oak Lawn,IL,Illinois
58,Oak Park,IL,Illinois
212,Oakbrook Terrace,IL,Illinois
6836,Oquawka,IL,Illinois
7725,Oreana,IL,Illinois
2713,Orland Park,IL,Illinois
766,Oswego,IL,Illinois
1844,Ottawa,IL,Illinois
21,Palatine,IL,Illinois
7167,Palos Hills,IL,Illinois
290,Park City,IL,Illinois
2680,Park Ridge,IL,Illinois
5957,Paxton,IL,Illinois
3767,Pekin,IL,Illinois
293,Peoria,IL,Illinois
1920,Peotone,IL,Illinois
3596,Peru,IL,Illinois
6344,Phoenix,IL,Illinois
3248,Plainfield,IL,Illinois
1452,Plano,IL,Illinois
3761,Pontiac,IL,Illinois
2278,Posen,IL,Illinois
55,Prospect Heights,IL,Illinois
5894,Ramsey,IL,Illinois
5144,Rantoul,IL,Illinois
7235,Richmond,IL,Illinois
5406,Richton Park,IL,Illinois
3106,River Forest,IL,Illinois
71,River Grove,IL,Illinois
5712,Riverdale,IL,Illinois
6583,Riverside,IL,Illinois
5959,Riverwoods,IL,Illinois
1643,Rock Falls,IL,Illinois
4877,Rockdale,IL,Illinois
305,Rockford,IL,Illinois
76,Rolling Meadows,IL,Illinois
89,Romeoville,IL,Illinois
208,Roselle,IL,Illinois
789,Rosemont,IL,Illinois
714,Rossville,IL,Illinois
5172,Round Lake,IL,Illinois
804,Round Lake Beach,IL,Illinois
111,Round Lake Heights,IL,Illinois
1107,Round Lake Park,IL,Illinois
4511,Sandwich,IL,Illinois
258,Schaumburg,IL,Illinois
216,Schiller Park,IL,Illinois
6788,Shorewood,IL,Illinois
149,Skokie,IL,Illinois
6520,Sleepy Hollow,IL,Illinois
6941,South Beloit,IL,Illinois
1982,South Chicago Heights,IL,Illinois
710,South Elgin,IL,Illinois
905,South Holland,IL,Illinois
7215,Spring Grove,IL,Illinois
3597,Spring Valley,IL,Illinois
6704,Springfield,IL,Illinois
958,St. Charles,IL,Illinois
2977,Steger,IL,Illinois
282,Sterling,IL,Illinois
2521,Stickney,IL,Illinois
97,Stone Park,IL,Illinois
297,Streamwood,IL,Illinois
1564,Sugar Grove,IL,Illinois
2804,Summit,IL,Illinois
7403,Swansea,IL,Illinois
40,Sycamore,IL,Illinois
6153,Taylorville,IL,Illinois
7782,Thornton,IL,Illinois
581,Tinley Park,IL,Illinois
1565,Tiskilwa,IL,Illinois
6998,Toluca,IL,Illinois
3764,Urbana,IL,Illinois
232,Vernon Hills,IL,Illinois
327,Villa Park,IL,Illinois
790,Wadsworth,IL,Illinois
36,Warrenville,IL,Illinois
1575,Washington,IL,Illinois
506,Wauconda,IL,Illinois
24,Waukegan,IL,Illinois
923,West Chicago,IL,Illinois
450,Westchester,IL,Illinois
7103,Western Springs,IL,Illinois
175,Westmont,IL,Illinois
4030,Westville,IL,Illinois
587,Wheaton,IL,Illinois
145,Wheeling,IL,Illinois
4629,Willow Springs,IL,Illinois
131,Willowbrook,IL,Illinois
250,Wilmette,IL,Illinois
2276,Wilmington,IL,Illinois
814,Winfield,IL,Illinois
221,Winnetka,IL,Illinois
7759,Winthrop Harbor,IL,Illinois
2369,Wonder Lake,IL,Illinois
1593,Wood Dale,IL,Illinois
3314,Woodridge,IL,Illinois
1586,Woodstock,IL,Illinois
693,Worth,IL,Illinois
1973,Yorkville,IL,Illinois
338,Zion,IL,Illinois
2250,Anderson,IN,Indiana
7852,Ashley,IN,Indiana
6885,Avilla,IN,Indiana
2881,Avon,IN,Indiana
7943,Bloomfield,IN,Indiana
4767,Bloomington,IN,Indiana
7274,Bluffton,IN,Indiana
1947,Bristol,IN,Indiana
3139,Chesterton,IN,Indiana
3712,Columbia City,IN,Indiana
7020,Columbus,IN,Indiana
4138,Connersville,IN,Indiana
7703,Crawfordsville,IN,Indiana
1346,Crown Point,IN,Indiana
993,Culver,IN,Indiana
7309,Danville,IN,Indiana
2792,Dayton,IN,Indiana
3654,De Motte,IN,Indiana
7546,Dyer,IN,Indiana
102,East Chicago,IN,Indiana
3277,Elkhart,IN,Indiana
6630,Evansville,IN,Indiana
2714,Fort Wayne,IN,Indiana
4456,Franklin,IN,Indiana
1477,Gary,IN,Indiana
3545,Goshen,IN,Indiana
4650,Greenfield,IN,Indiana
7413,Greensburg,IN,Indiana
2212,Greenwood,IN,Indiana
957,Griffith,IN,Indiana
1354,Hammond,IN,Indiana
2334,Highland,IN,Indiana
5875,Hobart,IN,Indiana
6157,Huntington,IN,Indiana
946,Indianapolis,IN,Indiana
2925,Jeffersonville,IN,Indiana
1591,La Porte,IN,Indiana
5188,Lafayette,IN,Indiana
326,Lake Station,IN,Indiana
3103,Lawrenceburg,IN,Indiana
6882,Ligonier,IN,Indiana
681,Logansport,IN,Indiana
4803,Lowell,IN,Indiana
6730,Madison,IN,Indiana
3896,Marion,IN,Indiana
6632,McCordsville,IN,Indiana
4386,Merrillville,IN,Indiana
2228,Mishawaka,IN,Indiana
2927,Muncie,IN,Indiana
6237,Munster,IN,Indiana
5161,Nappanee,IN,Indiana
2869,New Albany,IN,Indiana
6053,New Haven,IN,Indiana
6115,Newburgh,IN,Indiana
795,Ossian,IN,Indiana
863,Peru,IN,Indiana
652,Plymouth,IN,Indiana
1835,Portage,IN,Indiana
7015,Porter,IN,Indiana
7606,Roselawn,IN,Indiana
2773,Schererville,IN,Indiana
4008,Seymour,IN,Indiana
3659,Shelbyville,IN,Indiana
4043,Shipshewana,IN,Indiana
3279,South Bend,IN,Indiana
5295,Speedway,IN,Indiana
5576,St John,IN,Indiana
1580,Tell City,IN,Indiana
3759,Terre Haute,IN,Indiana
1067,Valparaiso,IN,Indiana
3618,Vincennes,IN,Indiana
5156,Wabash,IN,Indiana
794,Warsaw,IN,Indiana
6984,West Lafayette,IN,Indiana
4949,Westfield,IN,Indiana
7550,Wheatfield,IN,Indiana
7273,Winamac,IN,Indiana
3460,Zionsville,IN,Indiana
2018,Hutchinson,KS,Kansas
1076,Kansas City,KS,Kansas
4454,Lawrence,KS,Kansas
3217,Lenexa,KS,Kansas
3243,Lyons,KS,Kansas
537,Mission,KS,Kansas
3218,Olathe,KS,Kansas
3730,Pittsburg,KS,Kansas
2363,Topeka,KS,Kansas
2814,Westwood,KS,Kansas
2133,Wichita,KS,Kansas
2534,Yoder,KS,Kansas
5088,Bardstown,KY,Kentucky
1683,Bowling Green,KY,Kentucky
3702,Columbia,KY,Kentucky
7022,Covington,KY,Kentucky
4045,Danville,KY,Kentucky
3622,Elizabethtown,KY,Kentucky
7927,Elkton,KY,Kentucky
6543,Elsmere,KY,Kentucky
4107,Falmouth,KY,Kentucky
7023,Florence,KY,Kentucky
5479,Frankfort,KY,Kentucky
4559,Georgetown,KY,Kentucky
6066,Latonia,KY,Kentucky
706,Lexington,KY,Kentucky
1261,Louisville,KY,Kentucky
5739,Marion,KY,Kentucky
7008,Mayfield,KY,Kentucky
2707,Maysville,KY,Kentucky
7718,Murray,KY,Kentucky
7016,Paducah,KY,Kentucky
680,Paris,KY,Kentucky
4989,Pikeville,KY,Kentucky
7066,Richmond,KY,Kentucky
7722,Shepherdsville,KY,Kentucky
7126,Springfield,KY,Kentucky
7007,St Matthews,KY,Kentucky
2221,Baton Rouge,LA,Louisiana
7866,Bogalusa,LA,Louisiana
2447,Bossier City,LA,Louisiana
5102,Covington,LA,Louisiana
5349,Gonzales,LA,Louisiana
5209,Gretna,LA,Louisiana
5208,Harvey,LA,Louisiana
7138,Houma,LA,Louisiana
5187,Lafayette,LA,Louisiana
2661,Lake Charles,LA,Louisiana
5755,Leesville,LA,Louisiana
5521,Livingston,LA,Louisiana
5103,Mandeville,LA,Louisiana
5207,Marrero,LA,Louisiana
5108,Monroe,LA,Louisiana
2803,Morgan City,LA,Louisiana
1338,New Orleans,LA,Louisiana
6382,Shreveport,LA,Louisiana
2978,Sulphur,LA,Louisiana
6870,Thibodaux,LA,Louisiana
4422,Walker,LA,Louisiana
6895,West Monroe,LA,Louisiana
6207,Abington,MA,Massachusetts
5229,Allston,MA,Massachusetts
2761,Amherst,MA,Massachusetts
2966,Beverly,MA,Massachusetts
1490,Boston,MA,Massachusetts
674,Bridgewater,MA,Massachusetts
543,Brighton,MA,Massachusetts
3336,Brockton,MA,Massachusetts
3322,Cambridge,MA,Massachusetts
1483,Chelsea,MA,Massachusetts
3772,Danvers,MA,Massachusetts
683,Dedham,MA,Massachusetts
3977,Dorchester,MA,Massachusetts
3974,Dorchester Center,MA,Massachusetts
1487,Dracut,MA,Massachusetts
2678,East Boston,MA,Massachusetts
3211,Essex,MA,Massachusetts
5142,Everett,MA,Massachusetts
4330,Fall River,MA,Massachusetts
5417,Fitchburg,MA,Massachusetts
4423,Framingham,MA,Massachusetts
8017,Greenfield,MA,Massachusetts
2086,Hanover,MA,Massachusetts
4990,Harwich,MA,Massachusetts
5620,Holyoke,MA,Massachusetts
4831,Hudson,MA,Massachusetts
3983,Jamaica Plain,MA,Massachusetts
3911,Lakeville,MA,Massachusetts
3142,Lawrence,MA,Massachusetts
174,Lee,MA,Massachusetts
7580,Leominster,MA,Massachusetts
2492,Lowell,MA,Massachusetts
4249,Lynn,MA,Massachusetts
5667,Malden,MA,Massachusetts
5573,Mansfield,MA,Massachusetts
6476,Marblehead,MA,Massachusetts
3042,Mattapan,MA,Massachusetts
2209,Medford,MA,Massachusetts
7375,Middleborough,MA,Massachusetts
1555,Millbury,MA,Massachusetts
4064,New Bedford,MA,Massachusetts
7459,North Adams,MA,Massachusetts
3683,North Reading,MA,Massachusetts
5748,Northampton,MA,Massachusetts
3221,Norwood,MA,Massachusetts
6758,Peabody,MA,Massachusetts
5558,Pittsfield,MA,Massachusetts
5787,Plymouth,MA,Massachusetts
405,Quincy,MA,Massachusetts
6548,Reading,MA,Massachusetts
2921,Revere,MA,Massachusetts
5278,Roxbury,MA,Massachusetts
6664,Salem,MA,Massachusetts
5146,Saugus,MA,Massachusetts
3143,Sharon,MA,Massachusetts
2924,Somerville,MA,Massachusetts
5281,Springfield,MA,Massachusetts
3909,Taunton,MA,Massachusetts
6967,Waltham,MA,Massachusetts
7898,Watertown,MA,Massachusetts
7892,Webster,MA,Massachusetts
3835,Woburn,MA,Massachusetts
3380,Worcester,MA,Massachusetts
4344,Aberdeen,MD,Maryland
2039,Baltimore,MD,Maryland
7321,Bladensburg,MD,Maryland
3333,Camp Springs,MD,Maryland
5809,Capitol Heights,MD,Maryland
7240,Catonsville,MD,Maryland
2445,Chillum,MD,Maryland
3539,Clinton,MD,Maryland
6800,District Heights,MD,Maryland
4660,Dundalk,MD,Maryland
3687,Easton,MD,Maryland
4343,Edgewood,MD,Maryland
4759,Ellicott City,MD,Maryland
4251,Essex,MD,Maryland
4465,Frederick,MD,Maryland
2218,Gaithersburg,MD,Maryland
4562,Germantown,MD,Maryland
2128,Glen Burnie,MD,Maryland
4165,Hagerstown,MD,Maryland
4577,Halethorpe,MD,Maryland
4413,Havre De Grace,MD,Maryland
3122,Hyattsville,MD,Maryland
1519,Indian Head,MD,Maryland
5124,Jessup,MD,Maryland
7320,Landover,MD,Maryland
7362,Landover Hills,MD,Maryland
7360,Laurel,MD,Maryland
1635,Marlow Heights,MD,Maryland
6250,Middle River,MD,Maryland
3334,Morningside,MD,Maryland
5926,Mt Rainier,MD,Maryland
4412,Nottingham,MD,Maryland
7241,Randallstown,MD,Maryland
6876,Riverdale,MD,Maryland
3778,Rockville,MD,Maryland
4892,Silver Spring,MD,Maryland
7361,Suitland,MD,Maryland
530,Takoma Park,MD,Maryland
3095,Temple Hills,MD,Maryland
3994,Waldorf,MD,Maryland
6064,Wheaton,MD,Maryland
4698,Williamsport,MD,Maryland
5685,Auburn,ME,Maine
4542,Augusta,ME,Maine
4548,Bangor,ME,Maine
4538,Bath,ME,Maine
5687,Belfast,ME,Maine
4738,Biddeford,ME,Maine
7142,Bridgton,ME,Maine
3332,Camden,ME,Maine
5684,China,ME,Maine
5697,Damariscotta,ME,Maine
805,Farmington,ME,Maine
5698,Kittery,ME,Maine
5690,Lewiston,ME,Maine
5824,Mexico,ME,Maine
7957,Ogunquit,ME,Maine
5693,Old Orchard Beach,ME,Maine
810,Portland,ME,Maine
4534,Rockland,ME,Maine
5683,Scarborough,ME,Maine
2963,South Paris,ME,Maine
4537,South Portland,ME,Maine
5692,Westbrook,ME,Maine
5700,Wilton,ME,Maine
2019,Windham,ME,Maine
5699,Winslow,ME,Maine
4541,Winthrop,ME,Maine
4539,Wiscasset,ME,Maine
7224,Adrian,MI,Michigan
127,Ann Arbor,MI,Michigan
3568,Battle Creek,MI,Michigan
2525,Bay City,MI,Michigan
319,Belding,MI,Michigan
7850,Benton Harbor,MI,Michigan
6541,Big Rapids,MI,Michigan
3117,Brooklyn,MI,Michigan
5564,Brown City,MI,Michigan
3246,Buchanan,MI,Michigan
4273,Burton,MI,Michigan
3578,Byron Center,MI,Michigan
3120,Cadillac,MI,Michigan
1810,Caseville,MI,Michigan
3937,Cassopolis,MI,Michigan
620,Chesaning,MI,Michigan
1979,Chesterfield,MI,Michigan
3252,Clawson,MI,Michigan
6738,Clinton,MI,Michigan
2427,Clinton Twp,MI,Michigan
3650,Coloma,MI,Michigan
3592,Comstock Park,MI,Michigan
6824,Dearborn Heights,MI,Michigan
7855,Decatur,MI,Michigan
1116,Detroit,MI,Michigan
1741,Dundee,MI,Michigan
6648,Durand,MI,Michigan
606,Eastpointe,MI,Michigan
7752,Edmore,MI,Michigan
7717,Elkton,MI,Michigan
4195,Escanaba,MI,Michigan
2203,Farmington,MI,Michigan
5276,Farmington Hills,MI,Michigan
3739,Fennville,MI,Michigan
4356,Fenton,MI,Michigan
5347,Flint,MI,Michigan
1420,Grand Haven,MI,Michigan
5353,Grand Junction,MI,Michigan
829,Grand Rapids,MI,Michigan
318,Greenville,MI,Michigan
7510,Hamtramck,MI,Michigan
4806,Harrison,MI,Michigan
5306,Hart,MI,Michigan
1927,Hartford,MI,Michigan
4741,Hastings,MI,Michigan
5923,Hazel Park,MI,Michigan
6454,Holland,MI,Michigan
6943,Houghton Lake,MI,Michigan
7561,Howell,MI,Michigan
4826,Hudson,MI,Michigan
4137,Ionia,MI,Michigan
4910,Jackson,MI,Michigan
856,Kalamazoo,MI,Michigan
4167,Kentwood,MI,Michigan
2036,Lake City,MI,Michigan
7882,Lansing,MI,Michigan
3727,Lincoln Park,MI,Michigan
5557,Linden,MI,Michigan
3627,Livonia,MI,Michigan
3832,Lowell,MI,Michigan
3118,Ludington,MI,Michigan
2752,Macomb,MI,Michigan
5654,Madison Heights,MI,Michigan
5726,Marion,MI,Michigan
992,Marshall,MI,Michigan
7045,Monroe,MI,Michigan
911,Montague,MI,Michigan
2317,Mt Pleasant,MI,Michigan
1829,Muskegon,MI,Michigan
5065,Newaygo,MI,Michigan
2134,Niles,MI,Michigan
6751,Norway,MI,Michigan
7354,Novi,MI,Michigan
6816,Oak Park,MI,Michigan
7961,Orion Twp,MI,Michigan
6598,Ovid,MI,Michigan
6646,Owosso,MI,Michigan
7962,Oxford,MI,Michigan
2528,Plainwell,MI,Michigan
1266,Plymouth,MI,Michigan
1351,Pontiac,MI,Michigan
1318,Port Huron,MI,Michigan
6385,Portage,MI,Michigan
6819,Redford Township,MI,Michigan
5104,Rockford,MI,Michigan
6744,Roseville,MI,Michigan
5673,Saginaw,MI,Michigan
5029,Sebewaing,MI,Michigan
1680,Shelby Township,MI,Michigan
7620,South Haven,MI,Michigan
4207,Southgate,MI,Michigan
6638,Sparta,MI,Michigan
7106,Spring Lake,MI,Michigan
128,Springfield,MI,Michigan
7151,St Clair,MI,Michigan
4633,St Clair Shores,MI,Michigan
5836,St Joseph,MI,Michigan
2304,Sterling Heights,MI,Michigan
6818,Taylor,MI,Michigan
4592,Troy,MI,Michigan
7699,Utica,MI,Michigan
6218,Walled Lake,MI,Michigan
2210,Warren,MI,Michigan
1582,Waterford Twp,MI,Michigan
1434,Watervliet,MI,Michigan
2650,Wayland,MI,Michigan
7541,Wayne,MI,Michigan
204,Westland,MI,Michigan
7347,Woodhaven,MI,Michigan
6588,Wyandotte,MI,Michigan
1279,Ypsilanti,MI,Michigan
7462,Anoka,MN,Minnesota
1325,Apple Valley,MN,Minnesota
7463,Blaine,MN,Minnesota
4594,Brooklyn Center,MN,Minnesota
5806,Burnsville,MN,Minnesota
3331,Cambridge,MN,Minnesota
7245,Carlos,MN,Minnesota
3355,Carlton,MN,Minnesota
7534,Columbia Heights,MN,Minnesota
3793,Crosby,MN,Minnesota
4718,Eagan,MN,Minnesota
6025,East Bethel,MN,Minnesota
7721,Faribault,MN,Minnesota
3847,Grove City,MN,Minnesota
4390,Ham Lake,MN,Minnesota
4020,Hopkins,MN,Minnesota
916,Madelia,MN,Minnesota
5655,Madison,MN,Minnesota
5646,Mankato,MN,Minnesota
5753,Marshall,MN,Minnesota
2214,Minneapolis,MN,Minnesota
7577,New Brighton,MN,Minnesota
6056,New Hope,MN,Minnesota
3498,Osseo,MN,Minnesota
3900,Park Rapids,MN,Minnesota
2312,Perham,MN,Minnesota
2094,Ramsey,MN,Minnesota
1480,Rochester,MN,Minnesota
5240,Roseville,MN,Minnesota
2519,St Anthony,MN,Minnesota
1087,St Paul,MN,Minnesota
6947,Staples,MN,Minnesota
5708,Waseca,MN,Minnesota
3562,West St Paul,MN,Minnesota
4810,White Bear Lake,MN,Minnesota
3291,Winona,MN,Minnesota
3682,Worthington,MN,Minnesota
4955,Arnold,MO,Missouri
2541,Ava,MO,Missouri
4976,Ballwin,MO,Missouri
602,Belton,MO,Missouri
7739,Blue Springs,MO,Missouri
7383,Camdenton,MO,Missouri
3348,Cape Girardeau,MO,Missouri
3700,Columbia,MO,Missouri
7558,Crystal City,MO,Missouri
4355,Fenton,MO,Missouri
6208,Florissant,MO,Missouri
4492,Fredericktown,MO,Missouri
5793,Gladstone,MO,Missouri
4789,Hollister,MO,Missouri
1448,Independence,MO,Missouri
4760,Jefferson City,MO,Missouri
2962,Joplin,MO,Missouri
2520,Kansas City,MO,Missouri
7068,Kearney,MO,Missouri
5413,Kennett,MO,Missouri
7738,Lee's Summit,MO,Missouri
5757,Marshall,MO,Missouri
4024,Maryland Heights,MO,Missouri
1253,Nixa,MO,Missouri
5047,North Kansas City,MO,Missouri
4773,O'Fallon,MO,Missouri
6498,Odessa,MO,Missouri
7994,Overland,MO,Missouri
961,Pacific,MO,Missouri
7024,Pevely,MO,Missouri
4550,Riverside,MO,Missouri
2309,Savannah,MO,Missouri
3256,Sedalia,MO,Missouri
1485,Springfield,MO,Missouri
3990,St Ann,MO,Missouri
2950,St Joseph,MO,Missouri
6753,St Peters,MO,Missouri
165,St. Louis,MO,Missouri
5601,University City,MO,Missouri
3742,Valley Park,MO,Missouri
6948,Warrensburg,MO,Missouri
617,Washington,MO,Missouri
6754,Weldon Spring,MO,Missouri
6755,Wentzville,MO,Missouri
7376,Winfield,MO,Missouri
3708,Columbia,MS,Mississippi
5928,Greenville,MS,Mississippi
6855,Hattiesburg,MS,Mississippi
4366,Laurel,MS,Mississippi
2526,Meridian,MS,Mississippi
3615,Ocean Springs,MS,Mississippi
2101,Southaven,MS,Mississippi
7908,Tupelo,MS,Mississippi
3296,Billings,MT,Montana
4033,Bozeman,MT,Montana
4509,Butte,MT,Montana
2616,Columbia Falls,MT,Montana
2613,Great Falls,MT,Montana
6620,Helena,MT,Montana
3770,Albemarle,NC,North Carolina
532,Asheville,NC,North Carolina
3047,Boone,NC,North Carolina
3454,Brevard,NC,North Carolina
7900,Burlington,NC,North Carolina
2097,Charlotte,NC,North Carolina
7002,Concord,NC,North Carolina
2539,Deep Gap,NC,North Carolina
2615,Durham,NC,North Carolina
7865,Ellenboro,NC,North Carolina
1911,Fayetteville,NC,North Carolina
4457,Gastonia,NC,North Carolina
2432,Greensboro,NC,North Carolina
4348,Hickory,NC,North Carolina
2605,High Point,NC,North Carolina
7972,Indian Trail,NC,North Carolina
7532,Jacksonville,NC,North Carolina
7038,Kannapolis,NC,North Carolina
2177,King,NC,North Carolina
803,Kings Mountain,NC,North Carolina
742,Lexington,NC,North Carolina
2901,Matthews,NC,North Carolina
5898,Mooresville,NC,North Carolina
2428,New Bern,NC,North Carolina
5704,Newland,NC,North Carolina
4170,Raleigh,NC,North Carolina
7629,Salisbury,NC,North Carolina
6735,Sanford,NC,North Carolina
94,Southern Pines,NC,North Carolina
3407,Whittier,NC,North Carolina
2222,Wilmington,NC,North Carolina
1263,Winston-Salem,NC,North Carolina
3067,Bismarck,ND,North Dakota
5929,Bottineau,ND,North Dakota
3942,Dickinson,ND,North Dakota
3968,Fargo,ND,North Dakota
5603,Hankinson,ND,North Dakota
372,Minot,ND,North Dakota
3202,Williston,ND,North Dakota
2813,Bellevue,NE,Nebraska
3035,Fremont,NE,Nebraska
5887,Lincoln,NE,Nebraska
1852,Omaha,NE,Nebraska
5604,Concord,NH,New Hampshire
2663,Conway,NH,New Hampshire
6589,Derry,NH,New Hampshire
3996,Dover,NH,New Hampshire
4828,Hudson,NH,New Hampshire
3945,Keene,NH,New Hampshire
4535,Laconia,NH,New Hampshire
5885,Lincoln,NH,New Hampshire
2986,Manchester,NH,New Hampshire
6770,North Conway,NH,New Hampshire
7444,Penacook,NH,New Hampshire
6660,Peterborough,NH,New Hampshire
6307,Plymouth,NH,New Hampshire
2530,Raymond,NH,New Hampshire
6733,Rochester,NH,New Hampshire
6762,Seabrook,NH,New Hampshire
6544,Asbury Park,NJ,New Jersey
2910,Atlantic City,NJ,New Jersey
2510,Avenel,NJ,New Jersey
4379,Bayonne,NJ,New Jersey
5376,Bayville,NJ,New Jersey
2863,Beachwood,NJ,New Jersey
2900,Belleville,NJ,New Jersey
7380,Belmar,NJ,New Jersey
7621,Bergenfield,NJ,New Jersey
4147,Bloomfield,NJ,New Jersey
6600,Bordentown,NJ,New Jersey
3073,Bound Brook,NJ,New Jersey
3044,Brick Township,NJ,New Jersey
2911,Bridgeton,NJ,New Jersey
5342,Burlington,NJ,New Jersey
3295,Butler,NJ,New Jersey
4053,Camden,NJ,New Jersey
5889,Cape May Court House,NJ,New Jersey
2973,Carlstadt,NJ,New Jersey
3409,Cherry Hill Township,NJ,New Jersey
1075,City of Orange,NJ,New Jersey
5952,Clayton,NJ,New Jersey
5400,Cliffside Park,NJ,New Jersey
6253,Clifton,NJ,New Jersey
3538,Clinton,NJ,New Jersey
3417,Collingswood,NJ,New Jersey
2511,Colonia,NJ,New Jersey
3862,Delran,NJ,New Jersey
5143,Deptford,NJ,New Jersey
3998,Dover,NJ,New Jersey
3899,Dunellen,NJ,New Jersey
813,East Orange,NJ,New Jersey
7854,Edgewater,NJ,New Jersey
6220,Edison,NJ,New Jersey
8001,Egg Harbor Township,NJ,New Jersey
3227,Elizabeth,NJ,New Jersey
5011,Elizabethport,NJ,New Jersey
2497,Elmwood Park,NJ,New Jersey
6910,Emerson,NJ,New Jersey
6133,Fair Haven,NJ,New Jersey
4324,Fair Lawn,NJ,New Jersey
898,Fairview,NJ,New Jersey
7984,Farmingdale,NJ,New Jersey
1790,Florence,NJ,New Jersey
1002,Fords,NJ,New Jersey
6123,Garwood,NJ,New Jersey
4374,Glassboro,NJ,New Jersey
2494,Gloucester City,NJ,New Jersey
4564,Guttenberg,NJ,New Jersey
999,Hackensack,NJ,New Jersey
7397,Hackettstown,NJ,New Jersey
3423,Haddon Heights,NJ,New Jersey
7581,Haddon Township,NJ,New Jersey
3418,Haddonfield,NJ,New Jersey
3377,Haledon,NJ,New Jersey
2293,Hamilton Township,NJ,New Jersey
6912,Hawthorne,NJ,New Jersey
6930,Highland Park,NJ,New Jersey
7528,Hillsborough Township,NJ,New Jersey
807,Hillside,NJ,New Jersey
4543,Hoboken,NJ,New Jersey
7955,Hopewell,NJ,New Jersey
808,Irvington,NJ,New Jersey
5608,Island Heights,NJ,New Jersey
2216,Jersey City,NJ,New Jersey
2581,Keansburg,NJ,New Jersey
3212,Kearny,NJ,New Jersey
1567,Lakewood,NJ,New Jersey
5194,Landing,NJ,New Jersey
2507,Linden,NJ,New Jersey
4102,Little Ferry,NJ,New Jersey
5579,Lodi,NJ,New Jersey
4723,Long Branch,NJ,New Jersey
6135,Maplewood,NJ,New Jersey
3425,Marlton,NJ,New Jersey
5361,Matawan,NJ,New Jersey
3036,Maywood,NJ,New Jersey
5802,Mendham,NJ,New Jersey
2691,Middlesex,NJ,New Jersey
2515,Montclair,NJ,New Jersey
6559,Moorestown,NJ,New Jersey
6127,Mt Arlington,NJ,New Jersey
3419,Mt Laurel Township,NJ,New Jersey
2985,Neptune City,NJ,New Jersey
5026,Neptune Township,NJ,New Jersey
4713,New Brunswick,NJ,New Jersey
2626,New Milford,NJ,New Jersey
2103,New Providence,NJ,New Jersey
3096,Newark,NJ,New Jersey
6908,Newton,NJ,New Jersey
4061,North Bergen,NJ,New Jersey
6122,North Brunswick Township,NJ,New Jersey
7942,North Plainfield,NJ,New Jersey
7172,North Wildwood,NJ,New Jersey
5010,Nutley,NJ,New Jersey
2789,Oakhurst,NJ,New Jersey
4426,Ocean Township,NJ,New Jersey
6832,Old Bridge,NJ,New Jersey
5180,Palisades Park,NJ,New Jersey
1003,Park Ridge,NJ,New Jersey
5860,Parlin,NJ,New Jersey
2693,Passaic,NJ,New Jersey
2481,Paterson,NJ,New Jersey
5515,Pennsauken Township,NJ,New Jersey
3231,Perth Amboy,NJ,New Jersey
6345,Pine Hill,NJ,New Jersey
1085,Plainfield,NJ,New Jersey
7480,Pleasantville,NJ,New Jersey
3159,Point Pleasant,NJ,New Jersey
288,Ramsey,NJ,New Jersey
6771,Raritan,NJ,New Jersey
2912,Red Bank,NJ,New Jersey
6474,Riverside,NJ,New Jersey
6611,Rockaway,NJ,New Jersey
2512,Roselle,NJ,New Jersey
6906,Rutherford,NJ,New Jersey
6130,Scotch Plains,NJ,New Jersey
5949,Sicklerville,NJ,New Jersey
8000,Somers Point,NJ,New Jersey
1823,Somerset,NJ,New Jersey
6896,Somerville,NJ,New Jersey
3075,South Bound Brook,NJ,New Jersey
4728,South River,NJ,New Jersey
7127,Springfield,NJ,New Jersey
2582,Teaneck,NJ,New Jersey
889,Toms River,NJ,New Jersey
5385,Totowa,NJ,New Jersey
5511,Trenton,NJ,New Jersey
5669,Tuckerton,NJ,New Jersey
1667,Union City,NJ,New Jersey
2757,Verona,NJ,New Jersey
4571,Vineland,NJ,New Jersey
3426,Voorhees Township,NJ,New Jersey
7379,Wall Township,NJ,New Jersey
6121,Wayne,NJ,New Jersey
2491,West New York,NJ,New Jersey
3552,West Orange,NJ,New Jersey
8003,Westville,NJ,New Jersey
3667,Wharton,NJ,New Jersey
7147,Wildwood,NJ,New Jersey
4197,Wildwood Crest,NJ,New Jersey
5344,Willingboro,NJ,New Jersey
1538,Woodbury,NJ,New Jersey
6129,Woodland Park,NJ,New Jersey
3912,Alamogordo,NM,New Mexico
1720,Albuquerque,NM,New Mexico
7773,Bernalillo,NM,New Mexico
2756,Carlsbad,NM,New Mexico
5097,Clovis,NM,New Mexico
2364,Deming,NM,New Mexico
2273,Gallup,NM,New Mexico
2208,Las Cruces,NM,New Mexico
2191,Rio Communities,NM,New Mexico
4101,Santa Fe,NM,New Mexico
183,Henderson,NV,Nevada
187,Las Vegas,NV,Nevada
7059,North Las Vegas,NV,Nevada
408,Reno,NV,Nevada
410,Sparks,NV,Nevada
2673,Addison,NY,New York
3684,Albany,NY,New York
3777,Albertson,NY,New York
4679,Armonk,NY,New York
6614,Arverne,NY,New York
554,Astoria,NY,New York
3672,Auburn,NY,New York
4063,Baldwin,NY,New York
3681,Baldwinsville,NY,New York
707,Barneveld,NY,New York
3339,Bay Shore,NY,New York
117,Bayside,NY,New York
2947,Bellmore,NY,New York
7542,Bethpage,NY,New York
4037,Binghamton,NY,New York
3366,Brentwood,NY,New York
7596,Briarwood,NY,New York
3670,Bridgeport,NY,New York
497,Bronx,NY,New York
3145,Bronxville,NY,New York
743,Brooklyn,NY,New York
2501,Buffalo,NY,New York
717,Camden,NY,New York
3183,Canajoharie,NY,New York
4553,Canandaigua,NY,New York
6628,Carmel Hamlet,NY,New York
5085,Center Moriches,NY,New York
3394,Cheektowaga,NY,New York
2533,College Point,NY,New York
3735,Coram,NY,New York
1799,Corona,NY,New York
6045,Deer Park,NY,New York
7506,Depew,NY,New York
4813,Derby,NY,New York
2591,East Elmhurst,NY,New York
5000,East Northport,NY,New York
2852,East Rockaway,NY,New York
3678,East Syracuse,NY,New York
3148,Eastchester,NY,New York
1305,Elmhurst,NY,New York
4234,Elmont,NY,New York
7474,Fairport,NY,New York
3936,Far Rockaway,NY,New York
4346,Farmingdale,NY,New York
3744,Fishkill,NY,New York
7987,Floral Park,NY,New York
5374,Florida,NY,New York
119,Flushing,NY,New York
7633,Frankfort,NY,New York
2622,Freeport,NY,New York
4435,Fresh Meadows,NY,New York
2459,Fulton,NY,New York
7193,Garden City,NY,New York
4560,Germantown,NY,New York
4579,Glen Cove,NY,New York
6041,Glendale,NY,New York
3400,Great Neck,NY,New York
7868,Greenlawn,NY,New York
4665,Groton,NY,New York
4364,Haverstraw,NY,New York
4948,Hempstead,NY,New York
2499,Hicksville,NY,New York
2400,Hollis,NY,New York
4832,Hudson,NY,New York
4708,Huntington,NY,New York
4947,Huntington Station,NY,New York
3462,Inwood,NY,New York
6158,Ithaca,NY,New York
4897,Jackson Heights,NY,New York
1547,Jamaica,NY,New York
5481,Kew Gardens,NY,New York
4431,Kew Gardens Hills,NY,New York
5127,Kings Park,NY,New York
3749,Kingston,NY,New York
5617,Lake Luzerne,NY,New York
7659,Lake Ronkonkoma,NY,New York
3972,Lakewood,NY,New York
3153,Larchmont,NY,New York
2597,Lawrence,NY,New York
2717,Levittown,NY,New York
6108,Liberty,NY,New York
4311,Lindenhurst,NY,New York
5563,Little Neck,NY,New York
3674,Liverpool,NY,New York
6779,Lockport,NY,New York
3864,Long Beach,NY,New York
2488,Long Island City,NY,New York
2856,Lynbrook,NY,New York
3201,Mahopac,NY,New York
997,Malone,NY,New York
2930,Mamaroneck,NY,New York
3680,Manlius,NY,New York
6633,Manorville,NY,New York
5727,Marion,NY,New York
2640,Maspeth,NY,New York
5356,Medford,NY,New York
2791,Middle Village,NY,New York
5469,Middletown,NY,New York
4960,Mineola,NY,New York
2565,Mt Kisco,NY,New York
3152,Mt Vernon,NY,New York
3677,Nedrow,NY,New York
7234,New Hyde Park,NY,New York
2566,New Rochelle,NY,New York
312,New York,NY,New York
2500,Newburgh,NY,New York
4838,Niagara Falls,NY,New York
6150,Northport,NY,New York
7712,Nyack,NY,New York
7714,Orangeburg,NY,New York
4073,Orchard Park,NY,New York
4779,Oswego,NY,New York
1350,Ozone Park,NY,New York
6823,Palatine Bridge,NY,New York
5358,Patchogue,NY,New York
7711,Pearl River,NY,New York
1258,Pine Bush,NY,New York
3640,Plainview,NY,New York
4997,Plandome,NY,New York
3547,Plattsburgh,NY,New York
6372,Pleasantville,NY,New York
2807,Poughkeepsie,NY,New York
2406,Queens,NY,New York
1820,Queens Village,NY,New York
5796,Rego Park,NY,New York
336,Rensselaer,NY,New York
2847,Richmond Hill,NY,New York
309,Ridgewood,NY,New York
676,Rochester,NY,New York
5503,Rockaway Park,NY,New York
4654,Rockville Centre,NY,New York
6618,Rocky Point,NY,New York
3673,Rome,NY,New York
2621,Roosevelt,NY,New York
6624,Rosedale,NY,New York
4308,Rotterdam,NY,New York
1398,Sanborn,NY,New York
4254,Schenectady,NY,New York
6772,Selden,NY,New York
5357,Shirley,NY,New York
6837,Smithtown,NY,New York
5845,South Hempstead,NY,New York
1103,South Ozone Park,NY,New York
2629,South Richmond Hill,NY,New York
7109,Spring Valley,NY,New York
7322,Springfield Gardens,NY,New York
3184,St Johnsville,NY,New York
938,Staten Island,NY,New York
7297,Suffern,NY,New York
4820,Sunnyside,NY,New York
3662,Syracuse,NY,New York
7505,Tonawanda,NY,New York
3147,Tuckahoe,NY,New York
4946,Uniondale,NY,New York
5070,Valley Stream,NY,New York
5825,Wantagh,NY,New York
7682,Warwick,NY,New York
6757,Watervliet,NY,New York
3701,West Babylon,NY,New York
7598,West Coxsackie,NY,New York
3501,West Hempstead,NY,New York
3669,Wheatley Heights,NY,New York
5682,Whitehall,NY,New York
5497,Whitestone,NY,New York
6547,Williamsville,NY,New York
2413,Williston Park,NY,New York
2584,Woodhaven,NY,New York
2211,Woodside,NY,New York
1768,Yonkers,NY,New York
7978,Yorktown Heights,NY,New York
704,Akron,OH,Ohio
3261,Amelia,OH,Ohio
4597,Athens,OH,Ohio
5377,Barberton,OH,Ohio
1647,Batavia,OH,Ohio
5147,Beavercreek,OH,Ohio
2870,Bedford,OH,Ohio
909,Belmont,OH,Ohio
6466,Blacklick,OH,Ohio
2972,Bowling Green,OH,Ohio
3187,Brunswick,OH,Ohio
7065,Calcutta,OH,Ohio
3328,Cambridge,OH,Ohio
2460,Canal Fulton,OH,Ohio
7100,Canal Winchester,OH,Ohio
5346,Canton,OH,Ohio
1112,Cincinnati,OH,Ohio
1446,Cleveland,OH,Ohio
876,Columbus,OH,Ohio
1581,Dayton,OH,Ohio
3997,Dover,OH,Ohio
6069,Elyria,OH,Ohio
5672,Fairfield,OH,Ohio
5487,Fairview Park,OH,Ohio
4497,Findlay,OH,Ohio
4491,Fredericktown,OH,Ohio
4969,Gahanna,OH,Ohio
5033,Galion,OH,Ohio
6820,Garrettsville,OH,Ohio
4815,Germantown,OH,Ohio
4615,Grafton,OH,Ohio
1744,Greenville,OH,Ohio
6846,Grove City,OH,Ohio
3878,Hamilton,OH,Ohio
4740,Hartville,OH,Ohio
4913,Jackson,OH,Ohio
5128,Kingston,OH,Ohio
5191,Lakeside,OH,Ohio
4495,Lebanon,OH,Ohio
2748,Lima,OH,Ohio
5589,Lodi,OH,Ohio
6859,London,OH,Ohio
5148,Lorain,OH,Ohio
4611,Luckey,OH,Ohio
1521,Mansfield,OH,Ohio
7278,Marengo,OH,Ohio
6205,Marietta,OH,Ohio
3656,Marion,OH,Ohio
1267,Massillon,OH,Ohio
5080,Mentor,OH,Ohio
6880,Miamisburg,OH,Ohio
7515,Middletown,OH,Ohio
7641,Moraine,OH,Ohio
3267,Mt Orab,OH,Ohio
3947,New Philadelphia,OH,Ohio
6114,New Washington,OH,Ohio
3660,Newark,OH,Ohio
4802,North Canton,OH,Ohio
5838,North Randall,OH,Ohio
4025,Oregon,OH,Ohio
4771,Painesville,OH,Ohio
7974,Parma,OH,Ohio
5259,Parma Heights,OH,Ohio
5935,Perry,OH,Ohio
2434,Powell,OH,Ohio
5930,Reynoldsburg,OH,Ohio
5380,Rittman,OH,Ohio
3479,Sharonville,OH,Ohio
3666,Shelby,OH,Ohio
5272,Sidney,OH,Ohio
3438,Springfield,OH,Ohio
7150,St Clairsville,OH,Ohio
7562,Steubenville,OH,Ohio
5381,Stow,OH,Ohio
1143,Streetsboro,OH,Ohio
1578,Sylvania,OH,Ohio
3839,Tiffin,OH,Ohio
2668,Toledo,OH,Ohio
2307,Troy,OH,Ohio
3685,Upper Sandusky,OH,Ohio
6856,Urbana,OH,Ohio
7612,Vandalia,OH,Ohio
4184,Wadsworth,OH,Ohio
4321,Wauseon,OH,Ohio
7473,West Carrollton,OH,Ohio
2204,West Chester Township,OH,Ohio
6407,Westerville,OH,Ohio
4007,Westlake,OH,Ohio
5027,Willoughby,OH,Ohio
6405,Worthington,OH,Ohio
3664,Youngstown,OH,Ohio
915,Altus,OK,Oklahoma
4991,Bartlesville,OK,Oklahoma
2256,Bethany,OK,Oklahoma
5519,Broken Arrow,OK,Oklahoma
3537,Clinton,OK,Oklahoma
6958,Duncan,OK,Oklahoma
4784,Guthrie,OK,Oklahoma
6579,Hollis,OK,Oklahoma
371,Lawton,OK,Oklahoma
5412,McAlester,OK,Oklahoma
5893,Moore,OK,Oklahoma
5484,Muskogee,OK,Oklahoma
5422,Mustang,OK,Oklahoma
4797,Norman,OK,Oklahoma
2518,Oklahoma City,OK,Oklahoma
3255,Okmulgee,OK,Oklahoma
3946,Owasso,OK,Oklahoma
6106,Ringling,OK,Oklahoma
4764,Shawnee,OK,Oklahoma
6156,Stillwater,OK,Oklahoma
7627,The Village,OK,Oklahoma
2671,Tulsa,OK,Oklahoma
4993,Woodward,OK,Oklahoma
4451,Albany,OR,Oregon
4745,Ashland,OR,Oregon
2503,Beaverton,OR,Oregon
6945,Corvallis,OR,Oregon
4552,Cottage Grove,OR,Oregon
3880,Dallas,OR,Oregon
887,Eugene,OR,Oregon
4077,Fairview,OR,Oregon
877,Florence,OR,Oregon
882,Gold Hill,OR,Oregon
880,Grants Pass,OR,Oregon
3033,Gresham,OR,Oregon
7812,Hood River,OR,Oregon
4212,Klamath Falls,OR,Oregon
879,Medford,OR,Oregon
878,North Bend,OR,Oregon
925,Portland,OR,Oregon
883,Roseburg,OR,Oregon
896,Salem,OR,Oregon
82,Seaside,OR,Oregon
891,Springfield,OR,Oregon
931,St Helens,OR,Oregon
4345,Allentown,PA,Pennsylvania
793,Allison Park,PA,Pennsylvania
2652,Altoona,PA,Pennsylvania
7588,Avalon,PA,Pennsylvania
3960,Bellefonte,PA,Pennsylvania
7037,Bensalem,PA,Pennsylvania
2957,Bethel Park,PA,Pennsylvania
7778,Bethlehem,PA,Pennsylvania
6373,Brookville,PA,Pennsylvania
5888,Brownsville,PA,Pennsylvania
5906,Camp Hill,PA,Pennsylvania
2725,Canonsburg,PA,Pennsylvania
7090,Chambersburg,PA,Pennsylvania
5072,Clifton Heights,PA,Pennsylvania
5520,Confluence,PA,Pennsylvania
6591,Conshohocken,PA,Pennsylvania
2982,Covington Township,PA,Pennsylvania
5908,Dauphin,PA,Pennsylvania
3748,Dickson City,PA,Pennsylvania
5907,Dillsburg,PA,Pennsylvania
4554,Drexel Hill,PA,Pennsylvania
2728,DuBois,PA,Pennsylvania
619,East Stroudsburg,PA,Pennsylvania
1824,Easton,PA,Pennsylvania
4178,Edwardsville,PA,Pennsylvania
5895,Elizabethtown,PA,Pennsylvania
1943,Ellport,PA,Pennsylvania
3459,Enola,PA,Pennsylvania
2883,Erie,PA,Pennsylvania
7779,Etna,PA,Pennsylvania
4116,Everett,PA,Pennsylvania
6834,Feasterville-Trevose,PA,Pennsylvania
7460,Folsom,PA,Pennsylvania
4485,Fredericksburg,PA,Pennsylvania
4493,Fredericktown,PA,Pennsylvania
4652,Greensburg,PA,Pennsylvania
4668,Grove City,PA,Pennsylvania
1856,Hallam,PA,Pennsylvania
7390,Hanover,PA,Pennsylvania
4731,Harleysville,PA,Pennsylvania
2240,Harmony,PA,Pennsylvania
2822,Harrisburg,PA,Pennsylvania
4247,Havertown,PA,Pennsylvania
7776,Hawley,PA,Pennsylvania
3126,Hazleton,PA,Pennsylvania
2926,Homer City,PA,Pennsylvania
265,Indiana,PA,Pennsylvania
2723,Johnstown,PA,Pennsylvania
2154,Jonestown,PA,Pennsylvania
5089,Kennett Square,PA,Pennsylvania
5110,King of Prussia,PA,Pennsylvania
5135,Kingston,PA,Pennsylvania
3387,Lancaster,PA,Pennsylvania
59,Lansdale,PA,Pennsylvania
5056,Lansdowne,PA,Pennsylvania
3963,Lebanon,PA,Pennsylvania
5495,Levittown,PA,Pennsylvania
7861,Lewisburg,PA,Pennsylvania
6619,Lititz,PA,Pennsylvania
3116,Lock Haven,PA,Pennsylvania
5616,Luzerne,PA,Pennsylvania
5896,Manheim,PA,Pennsylvania
5373,Mayfield,PA,Pennsylvania
4176,McKean,PA,Pennsylvania
5811,McKees Rocks,PA,Pennsylvania
3342,McMurray,PA,Pennsylvania
585,Meadville,PA,Pennsylvania
5905,Mechanicsburg,PA,Pennsylvania
5237,Media,PA,Pennsylvania
4655,Middletown,PA,Pennsylvania
5917,Millersburg,PA,Pennsylvania
809,Morrisville,PA,Pennsylvania
5003,Mt Pleasant,PA,Pennsylvania
2724,Munhall,PA,Pennsylvania
3668,New Castle,PA,Pennsylvania
5903,New Cumberland,PA,Pennsylvania
7286,New Holland,PA,Pennsylvania
986,New Stanton,PA,Pennsylvania
7128,Newtown Square,PA,Pennsylvania
3690,Norristown,PA,Pennsylvania
3892,North East,PA,Pennsylvania
2437,Palmyra,PA,Pennsylvania
6289,Parkesburg,PA,Pennsylvania
4799,Peckville,PA,Pennsylvania
2727,Penn Hills,PA,Pennsylvania
1492,Philadelphia,PA,Pennsylvania
3961,Philipsburg,PA,Pennsylvania
2726,Pittsburgh,PA,Pennsylvania
5737,Point Marion,PA,Pennsylvania
6452,Prospect Park,PA,Pennsylvania
4114,Punxsutawney,PA,Pennsylvania
4925,Reading,PA,Pennsylvania
6999,Scranton,PA,Pennsylvania
5113,Sharon Hill,PA,Pennsylvania
7864,Shippensburg,PA,Pennsylvania
7901,Somerset,PA,Pennsylvania
956,South Park Township,PA,Pennsylvania
712,Spartansburg,PA,Pennsylvania
3733,Spring Grove,PA,Pennsylvania
1993,State College,PA,Pennsylvania
5909,Steelton,PA,Pennsylvania
5912,Swatara,PA,Pennsylvania
1634,Temple,PA,Pennsylvania
7487,Titusville,PA,Pennsylvania
2721,Uniontown,PA,Pennsylvania
7419,Upper Darby Township,PA,Pennsylvania
7890,Upper Tulpehocken Township,PA,Pennsylvania
7678,Warminster,PA,Pennsylvania
3343,Washington,PA,Pennsylvania
4334,West Chester,PA,Pennsylvania
4179,West Pittston,PA,Pennsylvania
4177,Wilkes-Barre,PA,Pennsylvania
3114,Williamsport,PA,Pennsylvania
2617,Wrightsville,PA,Pennsylvania
2647,York,PA,Pennsylvania
2995,Barrington,RI,Rhode Island
6435,Bristol,RI,Rhode Island
6792,Central Falls,RI,Rhode Island
5193,Coventry,RI,Rhode Island
1600,East Providence,RI,Rhode Island
3078,Greenville,RI,Rhode Island
7266,Johnston,RI,Rhode Island
3446,Lincoln,RI,Rhode Island
5829,Newport,RI,Rhode Island
5279,North Providence,RI,Rhode Island
7813,Pascoag,RI,Rhode Island
3371,Pawtucket,RI,Rhode Island
1598,Providence,RI,Rhode Island
5232,Riverside,RI,Rhode Island
4649,Smithfield,RI,Rhode Island
546,Warwick,RI,Rhode Island
6542,West Warwick,RI,Rhode Island
1626,Woonsocket,RI,Rhode Island
192,Anderson,SC,South Carolina
2426,Charleston,SC,South Carolina
3133,Columbia,SC,South Carolina
1309,Conway,SC,South Carolina
6853,Edgefield,SC,South Carolina
6860,Florence,SC,South Carolina
5159,Fort Mill,SC,South Carolina
1441,Goose Creek,SC,South Carolina
1120,Greenville,SC,South Carolina
3219,Hilton Head Island,SC,South Carolina
1825,Lexington,SC,South Carolina
1478,Myrtle Beach,SC,South Carolina
1440,North Charleston,SC,South Carolina
4349,Rock Hill,SC,South Carolina
6852,Saluda,SC,South Carolina
6971,Spartanburg,SC,South Carolina
2081,Surfside Beach,SC,South Carolina
3705,West Columbia,SC,South Carolina
4196,Madison,SD,South Dakota
6295,Rapid City,SD,South Dakota
2571,Sioux Falls,SD,South Dakota
7186,Antioch,TN,Tennessee
741,Bartlett,TN,Tennessee
4110,Chattanooga,TN,Tennessee
6595,Clarksville,TN,Tennessee
2310,Cleveland,TN,Tennessee
2980,Columbia,TN,Tennessee
2646,Cookeville,TN,Tennessee
4119,Gallatin,TN,Tennessee
7050,Goodlettsville,TN,Tennessee
4316,Hendersonville,TN,Tennessee
6861,Jackson,TN,Tennessee
5132,Kingston,TN,Tennessee
1664,Knoxville,TN,Tennessee
2314,Lawrenceburg,TN,Tennessee
5134,Lenoir City,TN,Tennessee
1455,Madison,TN,Tennessee
1134,Maynardville,TN,Tennessee
2236,McMinnville,TN,Tennessee
1282,Memphis,TN,Tennessee
7244,Mt Carmel,TN,Tennessee
4807,Munford,TN,Tennessee
3510,Murfreesboro,TN,Tennessee
1897,Nashville,TN,Tennessee
4769,New Market,TN,Tennessee
4528,Oak Ridge,TN,Tennessee
4172,Pigeon Forge,TN,Tennessee
3544,Powell,TN,Tennessee
4211,Pulaski,TN,Tennessee
4171,Sevierville,TN,Tennessee
6775,Seymour,TN,Tennessee
7811,Smyrna,TN,Tennessee
7125,Springfield,TN,Tennessee
5302,Tiptonville,TN,Tennessee
4920,Tullahoma,TN,Tennessee
7187,White House,TN,Tennessee
4035,Alvarado,TX,Texas
678,Alvin,TX,Texas
1727,Amarillo,TX,Texas
2514,Arlington,TX,Texas
337,Austin,TX,Texas
4290,Balch Springs,TX,Texas
5313,Bastrop,TX,Texas
612,Bay City,TX,Texas
2918,Baytown,TX,Texas
4341,Beaumont,TX,Texas
4905,Breckenridge,TX,Texas
3179,Brookshire,TX,Texas
6917,Bryan,TX,Texas
960,Burkburnett,TX,Texas
4159,Center,TX,Texas
2759,Channelview,TX,Texas
5477,Cleveland,TX,Texas
7859,Clifton,TX,Texas
3240,Clute,TX,Texas
6923,College Station,TX,Texas
4209,Conroe,TX,Texas
1617,Copperas Cove,TX,Texas
806,Corpus Christi,TX,Texas
6602,Corsicana,TX,Texas
3564,Crosby,TX,Texas
2794,Cypress,TX,Texas
534,Dallas,TX,Texas
8013,Del Rio,TX,Texas
6673,Denton,TX,Texas
3940,Dickinson,TX,Texas
5091,Eagle Pass,TX,Texas
7736,Early,TX,Texas
2361,El Paso,TX,Texas
4242,Elsa,TX,Texas
1072,Euless,TX,Texas
3723,Farmers Branch,TX,Texas
1743,Fort Worth,TX,Texas
4480,Fredericksburg,TX,Texas
4787,Galena Park,TX,Texas
2719,Garland,TX,Texas
2077,Gatesville,TX,Texas
7857,Gladewater,TX,Texas
605,Grand Prairie,TX,Texas
2543,Hallsville,TX,Texas
4768,Highlands,TX,Texas
186,Houston,TX,Texas
2634,Humble,TX,Texas
3234,Huntsville,TX,Texas
1145,Irving,TX,Texas
2436,Jourdanton,TX,Texas
5214,Katy,TX,Texas
940,Keller,TX,Texas
709,Kerrville,TX,Texas
5491,La Joya,TX,Texas
2559,La Porte,TX,Texas
2294,Laredo,TX,Texas
5079,Levelland,TX,Texas
7171,Lewisville,TX,Texas
108,Live Oak,TX,Texas
4079,Longview,TX,Texas
5754,Marshall,TX,Texas
2290,McAllen,TX,Texas
6731,McKinney,TX,Texas
6773,Mesquite,TX,Texas
6116,Midland,TX,Texas
2368,Monahans,TX,Texas
4100,Montgomery,TX,Texas
7307,Nederland,TX,Texas
2084,Odessa,TX,Texas
2104,Paris,TX,Texas
191,Pasadena,TX,Texas
6304,Pearland,TX,Texas
5661,Pflugerville,TX,Texas
2289,Pharr,TX,Texas
2538,Plainview,TX,Texas
4058,Plano,TX,Texas
4322,Port Arthur,TX,Texas
4814,Quinlan,TX,Texas
3500,Richardson,TX,Texas
3644,Richmond,TX,Texas
1380,Rio Grande City,TX,Texas
2342,Robstown,TX,Texas
3043,Rockwall,TX,Texas
7602,Rosenberg,TX,Texas
2380,Round Rock,TX,Texas
340,San Antonio,TX,Texas
3215,San Benito,TX,Texas
4279,Savoy,TX,Texas
2378,Schertz,TX,Texas
6764,Seabrook,TX,Texas
708,Seguin,TX,Texas
1666,South Padre Island,TX,Texas
4342,Spearman,TX,Texas
5152,Spring,TX,Texas
7154,Stafford,TX,Texas
7003,Stephenville,TX,Texas
2942,Sugar Land,TX,Texas
2225,Sweetwater,TX,Texas
1631,Temple,TX,Texas
6499,Terrell,TX,Texas
7427,Texarkana,TX,Texas
7440,Texas City,TX,Texas
2632,Tomball,TX,Texas
5706,Tyler,TX,Texas
7078,Victoria,TX,Texas
339,Waco,TX,Texas
4215,Weatherford,TX,Texas
7921,West,TX,Texas
3709,West Columbia,TX,Texas
2037,Wylie,TX,Texas
7799,United States,Texas,
188,American Fork,UT,Utah
1320,Bountiful,UT,Utah
2542,Kanab,UT,Utah
5977,Logan,UT,Utah
2105,Magna,UT,Utah
4188,Midvale,UT,Utah
6838,Ogden,UT,Utah
3292,Provo,UT,Utah
875,Salt Lake City,UT,Utah
4530,Sandy,UT,Utah
2536,Snowville,UT,Utah
8030,Springdale,UT,Utah
5668,Tooele,UT,Utah
7899,Vernal,UT,Utah
335,West Jordan,UT,Utah
1251,West Valley City,UT,Utah
317,Alexandria,VA,Virginia
6070,Annandale,VA,Virginia
3697,Arlington,VA,Virginia
1117,Ashburn,VA,Virginia
7649,Bedford,VA,Virginia
6146,Blacksburg,VA,Virginia
3689,Bristol,VA,Virginia
3781,Burke,VA,Virginia
3429,Chesapeake,VA,Virginia
3620,Chester,VA,Virginia
3732,Christiansburg,VA,Virginia
3533,Dale City,VA,Virginia
579,Dumfries,VA,Virginia
3237,Falls Church,VA,Virginia
7651,Franconia,VA,Virginia
2435,Fredericksburg,VA,Virginia
4201,Hampton,VA,Virginia
3774,Herndon,VA,Virginia
7647,Hopewell,VA,Virginia
7646,Leesburg,VA,Virginia
1118,Lexington,VA,Virginia
1471,Luray,VA,Virginia
2974,Manassas,VA,Virginia
6734,Martinsville,VA,Virginia
2656,Mechanicsville,VA,Virginia
7369,Midlothian,VA,Virginia
6441,Newport News,VA,Virginia
2078,Norfolk,VA,Virginia
2430,North Chesterfield,VA,Virginia
700,Petersburg,VA,Virginia
7368,Portsmouth,VA,Virginia
3775,Reston,VA,Virginia
463,Richmond,VA,Virginia
3779,Springfield,VA,Virginia
1119,Staunton,VA,Virginia
7192,Stephens City,VA,Virginia
1276,Sterling,VA,Virginia
2482,Virginia Beach,VA,Virginia
1146,Warrenton,VA,Virginia
6562,Williamsburg,VA,Virginia
7370,Winchester,VA,Virginia
3879,Woodbridge,VA,Virginia
7845,Yorktown,VA,Virginia
1767,Brattleboro,VT,Vermont
4256,Essex Junction,VT,Vermont
1766,Ludlow,VT,Vermont
1763,Winooski,VT,Vermont
4206,Anacortes,WA,Washington
991,Bellingham,WA,Washington
2242,Camas,WA,Washington
4186,Ellensburg,WA,Washington
989,Everett,WA,Washington
2504,Kelso,WA,Washington
3711,Longview,WA,Washington
987,Lynnwood,WA,Washington
4588,Naches,WA,Washington
3758,Pasco,WA,Washington
952,Rainier,WA,Washington
951,Seattle,WA,Washington
947,Shelton,WA,Washington
2552,Spokane,WA,Washington
6162,Spokane Valley,WA,Washington
959,Tacoma,WA,Washington
4680,Tukwila,WA,Washington
950,University Place,WA,Washington
1552,Vancouver,WA,Washington
4168,Walla Walla,WA,Washington
2284,Yakima,WA,Washington
2664,Adams,WI,Wisconsin
2456,Appleton,WI,Wisconsin
6168,Ashwaubenon,WI,Wisconsin
3853,Baraboo,WI,Wisconsin
5336,Beaver Dam,WI,Wisconsin
281,Beloit,WI,Wisconsin
1964,Bristol,WI,Wisconsin
1132,Brookfield,WI,Wisconsin
2327,Brown Deer,WI,Wisconsin
7628,Burlington,WI,Wisconsin
4872,Butler,WI,Wisconsin
3321,Cambridge,WI,Wisconsin
7062,Chippewa Falls,WI,Wisconsin
3540,Clinton,WI,Wisconsin
67,Cottage Grove,WI,Wisconsin
523,Cudahy,WI,Wisconsin
7869,De Pere,WI,Wisconsin
3905,Delavan,WI,Wisconsin
5844,Dodgeville,WI,Wisconsin
4153,Eagle River,WI,Wisconsin
1066,East Troy,WI,Wisconsin
6464,Eau Claire,WI,Wisconsin
607,Edgerton,WI,Wisconsin
1563,Elkhorn,WI,Wisconsin
4150,Ellsworth,WI,Wisconsin
292,Fond du Lac,WI,Wisconsin
5167,Fort Atkinson,WI,Wisconsin
3110,Franklin,WI,Wisconsin
5792,Franksville,WI,Wisconsin
7344,Fredonia,WI,Wisconsin
2131,Genoa City,WI,Wisconsin
4561,Germantown,WI,Wisconsin
4614,Grafton,WI,Wisconsin
3483,Green Bay,WI,Wisconsin
3747,Hales Corners,WI,Wisconsin
6042,Hartford,WI,Wisconsin
657,Hartland,WI,Wisconsin
5788,Hayward,WI,Wisconsin
7342,Horicon,WI,Wisconsin
4827,Hudson,WI,Wisconsin
42,Janesville,WI,Wisconsin
120,Kenosha,WI,Wisconsin
4291,La Crosse,WI,Wisconsin
3563,Lake Geneva,WI,Wisconsin
322,Lyndon Station,WI,Wisconsin
861,Madison,WI,Wisconsin
4585,Manitowoc,WI,Wisconsin
4190,Markesan,WI,Wisconsin
5751,Marshall,WI,Wisconsin
2010,McFarland,WI,Wisconsin
7567,Menasha,WI,Wisconsin
4801,Menomonee Falls,WI,Wisconsin
5173,Mequon,WI,Wisconsin
5666,Middleton,WI,Wisconsin
37,Milwaukee,WI,Wisconsin
819,Monona,WI,Wisconsin
4774,Monroe,WI,Wisconsin
7713,Mosinee,WI,Wisconsin
39,Mt Pleasant,WI,Wisconsin
4292,Mukwonago,WI,Wisconsin
5709,Muscoda,WI,Wisconsin
5343,Neenah,WI,Wisconsin
1135,New Berlin,WI,Wisconsin
8025,New Holstein,WI,Wisconsin
6022,Newton,WI,Wisconsin
6294,North Fond Du Lac,WI,Wisconsin
5163,Oak Creek,WI,Wisconsin
583,Oconomowoc,WI,Wisconsin
2008,Oregon,WI,Wisconsin
3836,Oshkosh,WI,Wisconsin
7967,Platteville,WI,Wisconsin
1152,Pleasant Prairie,WI,Wisconsin
7226,Portage,WI,Wisconsin
7856,Princeton,WI,Wisconsin
3488,Pulaski,WI,Wisconsin
1064,Racine,WI,Wisconsin
7218,Randolph,WI,Wisconsin
5311,Reedsburg,WI,Wisconsin
7077,Ripon,WI,Wisconsin
1559,Salem Lakes,WI,Wisconsin
6776,Seymour,WI,Wisconsin
1450,Sheboygan,WI,Wisconsin
5319,Sheboygan Falls,WI,Wisconsin
353,Shorewood,WI,Wisconsin
4148,Sister Bay,WI,Wisconsin
7626,Slinger,WI,Wisconsin
3613,South Milwaukee,WI,Wisconsin
7087,Spooner,WI,Wisconsin
1932,St Francis,WI,Wisconsin
6374,Stevens Point,WI,Wisconsin
604,Stoughton,WI,Wisconsin
574,Sturtevant,WI,Wisconsin
5676,Sun Prairie,WI,Wisconsin
5190,Superior,WI,Wisconsin
1133,Sussex,WI,Wisconsin
4156,Theresa,WI,Wisconsin
6761,Turtle Lake,WI,Wisconsin
7560,Twin Lakes,WI,Wisconsin
316,Union Grove,WI,Wisconsin
4155,Viroqua,WI,Wisconsin
7225,Walworth,WI,Wisconsin
1905,Waterford,WI,Wisconsin
3728,Watertown,WI,Wisconsin
321,Waukesha,WI,Wisconsin
4151,Wausau,WI,Wisconsin
5022,Wauwatosa,WI,Wisconsin
61,West Allis,WI,Wisconsin
5204,West Bend,WI,Wisconsin
7860,Westfield,WI,Wisconsin
4141,Whitewater,WI,Wisconsin
2326,Williams Bay,WI,Wisconsin
4154,Wisconsin Dells,WI,Wisconsin
2651,Wisconsin Rapids,WI,Wisconsin
6851,Woodruff,WI,Wisconsin
4923,BRUSHY FORK,WV,West Virginia
3507,Charleston,WV,West Virginia
3509,Clarksburg,WV,West Virginia
4227,Elkins,WV,West Virginia
4922,Fairmont,WV,West Virginia
7089,Martinsburg,WV,West Virginia
5850,Morgantown,WV,West Virginia
2909,Moundsville,WV,West Virginia
4098,Princeton,WV,West Virginia
4584,Wheeling,WV,West Virginia
5897,White Sulphur Springs,WV,West Virginia
4174,Gillette,WY,Wyoming
7108,Green River,WY,Wyoming
4916,Jackson,WY,Wyoming
6402,Powell,WY,Wyoming
6599,Riverton,WY,Wyoming
2612,Rock Springs,WY,Wyoming
4014,Wheatland,WY,Wyoming
624,,,
